Website,LinkedIn page,Address,E-mail,Phone,Products/services,Revenue last three years,CEO,CEO LinkedIn URL,CEO Official email,CFO,CFO LinkedIn,CFO Official email,Procurement Head,Procurement Head LinkedIn,Procurement Head Official email,SWOT Strengths,SWOT Weaknesses,SWOT Opportunities,SWOT Threats,Close Competitors
http://example1.com,https://linkedin.com/company/example1,"1 Example St, City, Country",info@example1.com,123-456-7801,Product A; Product B,$1M; $2M; $3M,CEO A,https://linkedin.com/in/ceoA,ceoA@example1.com,CFO A,https://linkedin.com/in/cfoA,cfoA@example1.com,Procurement Head A,https://linkedin.com/in/procurementA,procurementA@example1.com,Strength 1; Strength 2,Weakness 1; Weakness 2,Opportunity 1; Opportunity 2,Threat 1; Threat 2,Competitor 1; Competitor 2
http://example2.com,https://linkedin.com/company/example2,"2 Example St, City, Country",info@example2.com,123-456-7802,Product B; Product C,$2M; $3M; $4M,CEO B,https://linkedin.com/in/ceoB,ceoB@example2.com,CFO B,https://linkedin.com/in/cfoB,cfoB@example2.com,Procurement Head B,https://linkedin.com/in/procurementB,procurementB@example2.com,Strength 2; Strength 3,Weakness 2; Weakness 3,Opportunity 2; Opportunity 3,Threat 2; Threat 3,Competitor 2; Competitor 3
http://example3.com,https://linkedin.com/company/example3,"3 Example St, City, Country",info@example3.com,123-456-7803,Product C; Product D,$3M; $4M; $5M,CEO C,https://linkedin.com/in/ceoC,ceoC@example3.com,CFO C,https://linkedin.com/in/cfoC,cfoC@example3.com,Procurement Head C,https://linkedin.com/in/procurementC,procurementC@example3.com,Strength 3; Strength 4,Weakness 3; Weakness 4,Opportunity 3; Opportunity 4,Threat 3; Threat 4,Competitor 3; Competitor 4
http://example4.com,https://linkedin.com/company/example4,"4 Example St, City, Country",info@example4.com,123-456-7804,Product D; Product E,$4M; $5M; $6M,CEO D,https://linkedin.com/in/ceoD,ceoD@example4.com,CFO D,https://linkedin.com/in/cfoD,cfoD@example4.com,Procurement Head D,https://linkedin.com/in/procurementD,procurementD@example4.com,Strength 4; Strength 5,Weakness 4; Weakness 5,Opportunity 4; Opportunity 5,Threat 4; Threat 5,Competitor 4; Competitor 5
http://example5.com,https://linkedin.com/company/example5,"5 Example St, City, Country",info@example5.com,123-456-7805,Product E; Product F,$5M; $6M; $7M,CEO E,https://linkedin.com/in/ceoE,ceoE@example5.com,CFO E,https://linkedin.com/in/cfoE,cfoE@example5.com,Procurement Head E,https://linkedin.com/in/procurementE,procurementE@example5.com,Strength 5; Strength 6,Weakness 5; Weakness 6,Opportunity 5; Opportunity 6,Threat 5; Threat 6,Competitor 5; Competitor 6
http://example6.com,https://linkedin.com/company/example6,"6 Example St, City, Country",info@example6.com,123-456-7806,Product F; Product G,$6M; $7M; $8M,CEO F,https://linkedin.com/in/ceoF,ceoF@example6.com,CFO F,https://linkedin.com/in/cfoF,cfoF@example6.com,Procurement Head F,https://linkedin.com/in/procurementF,procurementF@example6.com,Strength 6; Strength 7,Weakness 6; Weakness 7,Opportunity 6; Opportunity 7,Threat 6; Threat 7,Competitor 6; Competitor 7
http://example7.com,https://linkedin.com/company/example7,"7 Example St, City, Country",info@example7.com,123-456-7807,Product G; Product H,$7M; $8M; $9M,CEO G,https://linkedin.com/in/ceoG,ceoG@example7.com,CFO G,https://linkedin.com/in/cfoG,cfoG@example7.com,Procurement Head G,https://linkedin.com/in/procurementG,procurementG@example7.com,Strength 7; Strength 8,Weakness 7; Weakness 8,Opportunity 7; Opportunity 8,Threat 7; Threat 8,Competitor 7; Competitor 8
http://example8.com,https://linkedin.com/company/example8,"8 Example St, City, Country",info@example8.com,123-456-7808,Product H; Product I,$8M; $9M; $10M,CEO H,https://linkedin.com/in/ceoH,ceoH@example8.com,CFO H,https://linkedin.com/in/cfoH,cfoH@example8.com,Procurement Head H,https://linkedin.com/in/procurementH,procurementH@example8.com,Strength 8; Strength 9,Weakness 8; Weakness 9,Opportunity 8; Opportunity 9,Threat 8; Threat 9,Competitor 8; Competitor 9
http://example9.com,https://linkedin.com/company/example9,"9 Example St, City, Country",info@example9.com,123-456-7809,Product I; Product J,$9M; $10M; $11M,CEO I,https://linkedin.com/in/ceoI,ceoI@example9.com,CFO I,https://linkedin.com/in/cfoI,cfoI@example9.com,Procurement Head I,https://linkedin.com/in/procurementI,procurementI@example9.com,Strength 9; Strength 10,Weakness 9; Weakness 10,Opportunity 9; Opportunity 10,Threat 9; Threat 10,Competitor 9; Competitor 10
http://example10.com,https://linkedin.com/company/example10,"10 Example St, City, Country",info@example10.com,123-456-7810,Product J; Product K,$10M; $11M; $12M,CEO J,https://linkedin.com/in/ceoJ,ceoJ@example10.com,CFO J,https://linkedin.com/in/cfoJ,cfoJ@example10.com,Procurement Head J,https://linkedin.com/in/procurementJ,procurementJ@example10.com,Strength 10; Strength 11,Weakness 10; Weakness 11,Opportunity 10; Opportunity 11,Threat 10; Threat 11,Competitor 10; Competitor 11
http://example11.com,https://linkedin.com/company/example11,"11 Example St, City, Country",info@example11.com,123-456-7811,Product K; Product L,$11M; $12M; $13M,CEO K,https://linkedin.com/in/ceoK,ceoK@example11.com,CFO K,https://linkedin.com/in/cfoK,cfoK@example11.com,Procurement Head K,https://linkedin.com/in/procurementK,procurementK@example11.com,Strength 11; Strength 12,Weakness 11; Weakness 12,Opportunity 11; Opportunity 12,Threat 11; Threat 12,Competitor 11; Competitor 12
http://example12.com,https://linkedin.com/company/example12,"12 Example St, City, Country",info@example12.com,123-456-7812,Product L; Product M,$12M; $13M; $14M,CEO L,https://linkedin.com/in/ceoL,ceoL@example12.com,CFO L,https://linkedin.com/in/cfoL,cfoL@example12.com,Procurement Head L,https://linkedin.com/in/procurementL,procurementL@example12.com,Strength 12; Strength 13,Weakness 12; Weakness 13,Opportunity 12; Opportunity 13,Threat 12; Threat 13,Competitor 12; Competitor 13
http://example13.com,https://linkedin.com/company/example13,"13 Example St, City, Country",info@example13.com,123-456-7813,Product M; Product N,$13M; $14M; $15M,CEO M,https://linkedin.com/in/ceoM,ceoM@example13.com,CFO M,https://linkedin.com/in/cfoM,cfoM@example13.com,Procurement Head M,https://linkedin.com/in/procurementM,procurementM@example13.com,Strength 13; Strength 14,Weakness 13; Weakness 14,Opportunity 13; Opportunity 14,Threat 13; Threat 14,Competitor 13; Competitor 14
http://example14.com,https://linkedin.com/company/example14,"14 Example St, City, Country",info@example14.com,123-456-7814,Product N; Product O,$14M; $15M; $16M,CEO N,https://linkedin.com/in/ceoN,ceoN@example14.com,CFO N,https://linkedin.com/in/cfoN,cfoN@example14.com,Procurement Head N,https://linkedin.com/in/procurementN,procurementN@example14.com,Strength 14; Strength 15,Weakness 14; Weakness 15,Opportunity 14; Opportunity 15,Threat 14; Threat 15,Competitor 14; Competitor 15
http://example15.com,https://linkedin.com/company/example15,"15 Example St, City, Country",info@example15.com,123-456-7815,Product O; Product P,$15M; $16M; $17M,CEO O,https://linkedin.com/in/ceoO,ceoO@example15.com,CFO O,https://linkedin.com/in/cfoO,cfoO@example15.com,Procurement Head O,https://linkedin.com/in/procurementO,procurementO@example15.com,Strength 15; Strength 16,Weakness 15; Weakness 16,Opportunity 15; Opportunity 16,Threat 15; Threat 16,Competitor 15; Competitor 16
http://example16.com,https://linkedin.com/company/example16,"16 Example St, City, Country",info@example16.com,123-456-7816,Product P; Product Q,$16M; $17M; $18M,CEO P,https://linkedin.com/in/ceoP,ceoP@example16.com,CFO P,https://linkedin.com/in/cfoP,cfoP@example16.com,Procurement Head P,https://linkedin.com/in/procurementP,procurementP@example16.com,Strength 16; Strength 17,Weakness 16; Weakness 17,Opportunity 16; Opportunity 17,Threat 16; Threat 17,Competitor 16; Competitor 17
http://example17.com,https://linkedin.com/company/example17,"17 Example St, City, Country",info@example17.com,123-456-7817,Product Q; Product R,$17M; $18M; $19M,CEO Q,https://linkedin.com/in/ceoQ,ceoQ@example17.com,CFO Q,https://linkedin.com/in/cfoQ,cfoQ@example17.com,Procurement Head Q,https://linkedin.com/in/procurementQ,procurementQ@example17.com,Strength 17; Strength 18,Weakness 17; Weakness 18,Opportunity 17; Opportunity 18,Threat 17; Threat 18,Competitor 17; Competitor 18
http://example18.com,https://linkedin.com/company/example18,"18 Example St, City, Country",info@example18.com,123-456-7818,Product R; Product S,$18M; $19M; $20M,CEO R,https://linkedin.com/in/ceoR,ceoR@example18.com,CFO R,https://linkedin.com/in/cfoR,cfoR@example18.com,Procurement Head R,https://linkedin.com/in/procurementR,procurementR@example18.com,Strength 18; Strength 19,Weakness 18; Weakness 19,Opportunity 18; Opportunity 19,Threat 18; Threat 19,Competitor 18; Competitor 19
http://example19.com,https://linkedin.com/company/example19,"19 Example St, City, Country",info@example19.com,123-456-7819,Product S; Product T,$19M; $20M; $21M,CEO S,https://linkedin.com/in/ceoS,ceoS@example19.com,CFO S,https://linkedin.com/in/cfoS,cfoS@example19.com,Procurement Head S,https://linkedin.com/in/procurementS,procurementS@example19.com,Strength 19; Strength 20,Weakness 19; Weakness 20,Opportunity 19; Opportunity 20,Threat 19; Threat 20,Competitor 19; Competitor 20
http://example20.com,https://linkedin.com/company/example20,"20 Example St, City, Country",info@example20.com,123-456-7820,Product T; Product U,$20M; $21M; $22M,CEO T,https://linkedin.com/in/ceoT,ceoT@example20.com,CFO T,https://linkedin.com/in/cfoT,cfoT@example20.com,Procurement Head T,https://linkedin.com/in/procurementT,procurementT@example20.com,Strength 20; Strength 21,Weakness 20; Weakness 21,Opportunity 20; Opportunity 21,Threat 20; Threat 21,Competitor 20; Competitor 21
http://example21.com,https://linkedin.com/company/example21,"21 Example St, City, Country",info@example21.com,123-456-7821,Product U; Product V,$21M; $22M; $23M,CEO U,https://linkedin.com/in/ceoU,ceoU@example21.com,CFO U,https://linkedin.com/in/cfoU,cfoU@example21.com,Procurement Head U,https://linkedin.com/in/procurementU,procurementU@example21.com,Strength 21; Strength 22,Weakness 21; Weakness 22,Opportunity 21; Opportunity 22,Threat 21; Threat 22,Competitor 21; Competitor 22
http://example22.com,https://linkedin.com/company/example22,"22 Example St, City, Country",info@example22.com,123-456-7822,Product V; Product W,$22M; $23M; $24M,CEO V,https://linkedin.com/in/ceoV,ceoV@example22.com,CFO V,https://linkedin.com/in/cfoV,cfoV@example22.com,Procurement Head V,https://linkedin.com/in/procurementV,procurementV@example22.com,Strength 22; Strength 23,Weakness 22; Weakness 23,Opportunity 22; Opportunity 23,Threat 22; Threat 23,Competitor 22; Competitor 23
http://example23.com,https://linkedin.com/company/example23,"23 Example St, City, Country",info@example23.com,123-456-7823,Product W; Product X,$23M; $24M; $25M,CEO W,https://linkedin.com/in/ceoW,ceoW@example23.com,CFO W,https://linkedin.com/in/cfoW,cfoW@example23.com,Procurement Head W,https://linkedin.com/in/procurementW,procurementW@example23.com,Strength 23; Strength 24,Weakness 23; Weakness 24,Opportunity 23; Opportunity 24,Threat 23; Threat 24,Competitor 23; Competitor 24
http://example24.com,https://linkedin.com/company/example24,"24 Example St, City, Country",info@example24.com,123-456-7824,Product X; Product Y,$24M; $25M; $26M,CEO X,https://linkedin.com/in/ceoX,ceoX@example24.com,CFO X,https://linkedin.com/in/cfoX,cfoX@example24.com,Procurement Head X,https://linkedin.com/in/procurementX,procurementX@example24.com,Strength 24; Strength 25,Weakness 24; Weakness 25,Opportunity 24; Opportunity 25,Threat 24; Threat 25,Competitor 24; Competitor 25
http://example25.com,https://linkedin.com/company/example25,"25 Example St, City, Country",info@example25.com,123-456-7825,Product Y; Product Z,$25M; $26M; $27M,CEO Y,https://linkedin.com/in/ceoY,ceoY@example25.com,CFO Y,https://linkedin.com/in/cfoY,cfoY@example25.com,Procurement Head Y,https://linkedin.com/in/procurementY,procurementY@example25.com,Strength 25; Strength 26,Weakness 25; Weakness 26,Opportunity 25; Opportunity 26,Threat 25; Threat 26,Competitor 25; Competitor 26
http://example26.com,https://linkedin.com/company/example26,"26 Example St, City, Country",info@example26.com,123-456-7826,Product @; Product A,$26M; $27M; $28M,CEO @,https://linkedin.com/in/ceo@,ceo@@example26.com,CFO @,https://linkedin.com/in/cfo@,cfo@@example26.com,Procurement Head @,https://linkedin.com/in/procurement@,procurement@@example26.com,Strength 26; Strength 27,Weakness 26; Weakness 27,Opportunity 26; Opportunity 27,Threat 26; Threat 27,Competitor 26; Competitor 27
http://example27.com,https://linkedin.com/company/example27,"27 Example St, City, Country",info@example27.com,123-456-7827,Product A; Product B,$27M; $28M; $29M,CEO A,https://linkedin.com/in/ceoA,ceoA@example27.com,CFO A,https://linkedin.com/in/cfoA,cfoA@example27.com,Procurement Head A,https://linkedin.com/in/procurementA,procurementA@example27.com,Strength 27; Strength 28,Weakness 27; Weakness 28,Opportunity 27; Opportunity 28,Threat 27; Threat 28,Competitor 27; Competitor 28
http://example28.com,https://linkedin.com/company/example28,"28 Example St, City, Country",info@example28.com,123-456-7828,Product B; Product C,$28M; $29M; $30M,CEO B,https://linkedin.com/in/ceoB,ceoB@example28.com,CFO B,https://linkedin.com/in/cfoB,cfoB@example28.com,Procurement Head B,https://linkedin.com/in/procurementB,procurementB@example28.com,Strength 28; Strength 29,Weakness 28; Weakness 29,Opportunity 28; Opportunity 29,Threat 28; Threat 29,Competitor 28; Competitor 29
http://example29.com,https://linkedin.com/company/example29,"29 Example St, City, Country",info@example29.com,123-456-7829,Product C; Product D,$29M; $30M; $31M,CEO C,https://linkedin.com/in/ceoC,ceoC@example29.com,CFO C,https://linkedin.com/in/cfoC,cfoC@example29.com,Procurement Head C,https://linkedin.com/in/procurementC,procurementC@example29.com,Strength 29; Strength 30,Weakness 29; Weakness 30,Opportunity 29; Opportunity 30,Threat 29; Threat 30,Competitor 29; Competitor 30
http://example30.com,https://linkedin.com/company/example30,"30 Example St, City, Country",info@example30.com,123-456-7830,Product D; Product E,$30M; $31M; $32M,CEO D,https://linkedin.com/in/ceoD,ceoD@example30.com,CFO D,https://linkedin.com/in/cfoD,cfoD@example30.com,Procurement Head D,https://linkedin.com/in/procurementD,procurementD@example30.com,Strength 30; Strength 31,Weakness 30; Weakness 31,Opportunity 30; Opportunity 31,Threat 30; Threat 31,Competitor 30; Competitor 31
http://example31.com,https://linkedin.com/company/example31,"31 Example St, City, Country",info@example31.com,123-456-7831,Product E; Product F,$31M; $32M; $33M,CEO E,https://linkedin.com/in/ceoE,ceoE@example31.com,CFO E,https://linkedin.com/in/cfoE,cfoE@example31.com,Procurement Head E,https://linkedin.com/in/procurementE,procurementE@example31.com,Strength 31; Strength 32,Weakness 31; Weakness 32,Opportunity 31; Opportunity 32,Threat 31; Threat 32,Competitor 31; Competitor 32
http://example32.com,https://linkedin.com/company/example32,"32 Example St, City, Country",info@example32.com,123-456-7832,Product F; Product G,$32M; $33M; $34M,CEO F,https://linkedin.com/in/ceoF,ceoF@example32.com,CFO F,https://linkedin.com/in/cfoF,cfoF@example32.com,Procurement Head F,https://linkedin.com/in/procurementF,procurementF@example32.com,Strength 32; Strength 33,Weakness 32; Weakness 33,Opportunity 32; Opportunity 33,Threat 32; Threat 33,Competitor 32; Competitor 33
http://example33.com,https://linkedin.com/company/example33,"33 Example St, City, Country",info@example33.com,123-456-7833,Product G; Product H,$33M; $34M; $35M,CEO G,https://linkedin.com/in/ceoG,ceoG@example33.com,CFO G,https://linkedin.com/in/cfoG,cfoG@example33.com,Procurement Head G,https://linkedin.com/in/procurementG,procurementG@example33.com,Strength 33; Strength 34,Weakness 33; Weakness 34,Opportunity 33; Opportunity 34,Threat 33; Threat 34,Competitor 33; Competitor 34
http://example34.com,https://linkedin.com/company/example34,"34 Example St, City, Country",info@example34.com,123-456-7834,Product H; Product I,$34M; $35M; $36M,CEO H,https://linkedin.com/in/ceoH,ceoH@example34.com,CFO H,https://linkedin.com/in/cfoH,cfoH@example34.com,Procurement Head H,https://linkedin.com/in/procurementH,procurementH@example34.com,Strength 34; Strength 35,Weakness 34; Weakness 35,Opportunity 34; Opportunity 35,Threat 34; Threat 35,Competitor 34; Competitor 35
http://example35.com,https://linkedin.com/company/example35,"35 Example St, City, Country",info@example35.com,123-456-7835,Product I; Product J,$35M; $36M; $37M,CEO I,https://linkedin.com/in/ceoI,ceoI@example35.com,CFO I,https://linkedin.com/in/cfoI,cfoI@example35.com,Procurement Head I,https://linkedin.com/in/procurementI,procurementI@example35.com,Strength 35; Strength 36,Weakness 35; Weakness 36,Opportunity 35; Opportunity 36,Threat 35; Threat 36,Competitor 35; Competitor 36
http://example36.com,https://linkedin.com/company/example36,"36 Example St, City, Country",info@example36.com,123-456-7836,Product J; Product K,$36M; $37M; $38M,CEO J,https://linkedin.com/in/ceoJ,ceoJ@example36.com,CFO J,https://linkedin.com/in/cfoJ,cfoJ@example36.com,Procurement Head J,https://linkedin.com/in/procurementJ,procurementJ@example36.com,Strength 36; Strength 37,Weakness 36; Weakness 37,Opportunity 36; Opportunity 37,Threat 36; Threat 37,Competitor 36; Competitor 37
http://example37.com,https://linkedin.com/company/example37,"37 Example St, City, Country",info@example37.com,123-456-7837,Product K; Product L,$37M; $38M; $39M,CEO K,https://linkedin.com/in/ceoK,ceoK@example37.com,CFO K,https://linkedin.com/in/cfoK,cfoK@example37.com,Procurement Head K,https://linkedin.com/in/procurementK,procurementK@example37.com,Strength 37; Strength 38,Weakness 37; Weakness 38,Opportunity 37; Opportunity 38,Threat 37; Threat 38,Competitor 37; Competitor 38
http://example38.com,https://linkedin.com/company/example38,"38 Example St, City, Country",info@example38.com,123-456-7838,Product L; Product M,$38M; $39M; $40M,CEO L,https://linkedin.com/in/ceoL,ceoL@example38.com,CFO L,https://linkedin.com/in/cfoL,cfoL@example38.com,Procurement Head L,https://linkedin.com/in/procurementL,procurementL@example38.com,Strength 38; Strength 39,Weakness 38; Weakness 39,Opportunity 38; Opportunity 39,Threat 38; Threat 39,Competitor 38; Competitor 39
http://example39.com,https://linkedin.com/company/example39,"39 Example St, City, Country",info@example39.com,123-456-7839,Product M; Product N,$39M; $40M; $41M,CEO M,https://linkedin.com/in/ceoM,ceoM@example39.com,CFO M,https://linkedin.com/in/cfoM,cfoM@example39.com,Procurement Head M,https://linkedin.com/in/procurementM,procurementM@example39.com,Strength 39; Strength 40,Weakness 39; Weakness 40,Opportunity 39; Opportunity 40,Threat 39; Threat 40,Competitor 39; Competitor 40
http://example40.com,https://linkedin.com/company/example40,"40 Example St, City, Country",info@example40.com,123-456-7840,Product N; Product O,$40M; $41M; $42M,CEO N,https://linkedin.com/in/ceoN,ceoN@example40.com,CFO N,https://linkedin.com/in/cfoN,cfoN@example40.com,Procurement Head N,https://linkedin.com/in/procurementN,procurementN@example40.com,Strength 40; Strength 41,Weakness 40; Weakness 41,Opportunity 40; Opportunity 41,Threat 40; Threat 41,Competitor 40; Competitor 41
http://example41.com,https://linkedin.com/company/example41,"41 Example St, City, Country",info@example41.com,123-456-7841,Product O; Product P,$41M; $42M; $43M,CEO O,https://linkedin.com/in/ceoO,ceoO@example41.com,CFO O,https://linkedin.com/in/cfoO,cfoO@example41.com,Procurement Head O,https://linkedin.com/in/procurementO,procurementO@example41.com,Strength 41; Strength 42,Weakness 41; Weakness 42,Opportunity 41; Opportunity 42,Threat 41; Threat 42,Competitor 41; Competitor 42
http://example42.com,https://linkedin.com/company/example42,"42 Example St, City, Country",info@example42.com,123-456-7842,Product P; Product Q,$42M; $43M; $44M,CEO P,https://linkedin.com/in/ceoP,ceoP@example42.com,CFO P,https://linkedin.com/in/cfoP,cfoP@example42.com,Procurement Head P,https://linkedin.com/in/procurementP,procurementP@example42.com,Strength 42; Strength 43,Weakness 42; Weakness 43,Opportunity 42; Opportunity 43,Threat 42; Threat 43,Competitor 42; Competitor 43
http://example43.com,https://linkedin.com/company/example43,"43 Example St, City, Country",info@example43.com,123-456-7843,Product Q; Product R,$43M; $44M; $45M,CEO Q,https://linkedin.com/in/ceoQ,ceoQ@example43.com,CFO Q,https://linkedin.com/in/cfoQ,cfoQ@example43.com,Procurement Head Q,https://linkedin.com/in/procurementQ,procurementQ@example43.com,Strength 43; Strength 44,Weakness 43; Weakness 44,Opportunity 43; Opportunity 44,Threat 43; Threat 44,Competitor 43; Competitor 44
http://example44.com,https://linkedin.com/company/example44,"44 Example St, City, Country",info@example44.com,123-456-7844,Product R; Product S,$44M; $45M; $46M,CEO R,https://linkedin.com/in/ceoR,ceoR@example44.com,CFO R,https://linkedin.com/in/cfoR,cfoR@example44.com,Procurement Head R,https://linkedin.com/in/procurementR,procurementR@example44.com,Strength 44; Strength 45,Weakness 44; Weakness 45,Opportunity 44; Opportunity 45,Threat 44; Threat 45,Competitor 44; Competitor 45
http://example45.com,https://linkedin.com/company/example45,"45 Example St, City, Country",info@example45.com,123-456-7845,Product S; Product T,$45M; $46M; $47M,CEO S,https://linkedin.com/in/ceoS,ceoS@example45.com,CFO S,https://linkedin.com/in/cfoS,cfoS@example45.com,Procurement Head S,https://linkedin.com/in/procurementS,procurementS@example45.com,Strength 45; Strength 46,Weakness 45; Weakness 46,Opportunity 45; Opportunity 46,Threat 45; Threat 46,Competitor 45; Competitor 46
http://example46.com,https://linkedin.com/company/example46,"46 Example St, City, Country",info@example46.com,123-456-7846,Product T; Product U,$46M; $47M; $48M,CEO T,https://linkedin.com/in/ceoT,ceoT@example46.com,CFO T,https://linkedin.com/in/cfoT,cfoT@example46.com,Procurement Head T,https://linkedin.com/in/procurementT,procurementT@example46.com,Strength 46; Strength 47,Weakness 46; Weakness 47,Opportunity 46; Opportunity 47,Threat 46; Threat 47,Competitor 46; Competitor 47
http://example47.com,https://linkedin.com/company/example47,"47 Example St, City, Country",info@example47.com,123-456-7847,Product U; Product V,$47M; $48M; $49M,CEO U,https://linkedin.com/in/ceoU,ceoU@example47.com,CFO U,https://linkedin.com/in/cfoU,cfoU@example47.com,Procurement Head U,https://linkedin.com/in/procurementU,procurementU@example47.com,Strength 47; Strength 48,Weakness 47; Weakness 48,Opportunity 47; Opportunity 48,Threat 47; Threat 48,Competitor 47; Competitor 48
http://example48.com,https://linkedin.com/company/example48,"48 Example St, City, Country",info@example48.com,123-456-7848,Product V; Product W,$48M; $49M; $50M,CEO V,https://linkedin.com/in/ceoV,ceoV@example48.com,CFO V,https://linkedin.com/in/cfoV,cfoV@example48.com,Procurement Head V,https://linkedin.com/in/procurementV,procurementV@example48.com,Strength 48; Strength 49,Weakness 48; Weakness 49,Opportunity 48; Opportunity 49,Threat 48; Threat 49,Competitor 48; Competitor 49
http://example49.com,https://linkedin.com/company/example49,"49 Example St, City, Country",info@example49.com,123-456-7849,Product W; Product X,$49M; $50M; $51M,CEO W,https://linkedin.com/in/ceoW,ceoW@example49.com,CFO W,https://linkedin.com/in/cfoW,cfoW@example49.com,Procurement Head W,https://linkedin.com/in/procurementW,procurementW@example49.com,Strength 49; Strength 50,Weakness 49; Weakness 50,Opportunity 49; Opportunity 50,Threat 49; Threat 50,Competitor 49; Competitor 50
http://example50.com,https://linkedin.com/company/example50,"50 Example St, City, Country",info@example50.com,123-456-7850,Product X; Product Y,$50M; $51M; $52M,CEO X,https://linkedin.com/in/ceoX,ceoX@example50.com,CFO X,https://linkedin.com/in/cfoX,cfoX@example50.com,Procurement Head X,https://linkedin.com/in/procurementX,procurementX@example50.com,Strength 50; Strength 51,Weakness 50; Weakness 51,Opportunity 50; Opportunity 51,Threat 50; Threat 51,Competitor 50; Competitor 51
http://example51.com,https://linkedin.com/company/example51,"51 Example St, City, Country",info@example51.com,123-456-7851,Product Y; Product Z,$51M; $52M; $53M,CEO Y,https://linkedin.com/in/ceoY,ceoY@example51.com,CFO Y,https://linkedin.com/in/cfoY,cfoY@example51.com,Procurement Head Y,https://linkedin.com/in/procurementY,procurementY@example51.com,Strength 51; Strength 52,Weakness 51; Weakness 52,Opportunity 51; Opportunity 52,Threat 51; Threat 52,Competitor 51; Competitor 52
http://example52.com,https://linkedin.com/company/example52,"52 Example St, City, Country",info@example52.com,123-456-7852,Product @; Product A,$52M; $53M; $54M,CEO @,https://linkedin.com/in/ceo@,ceo@@example52.com,CFO @,https://linkedin.com/in/cfo@,cfo@@example52.com,Procurement Head @,https://linkedin.com/in/procurement@,procurement@@example52.com,Strength 52; Strength 53,Weakness 52; Weakness 53,Opportunity 52; Opportunity 53,Threat 52; Threat 53,Competitor 52; Competitor 53
http://example53.com,https://linkedin.com/company/example53,"53 Example St, City, Country",info@example53.com,123-456-7853,Product A; Product B,$53M; $54M; $55M,CEO A,https://linkedin.com/in/ceoA,ceoA@example53.com,CFO A,https://linkedin.com/in/cfoA,cfoA@example53.com,Procurement Head A,https://linkedin.com/in/procurementA,procurementA@example53.com,Strength 53; Strength 54,Weakness 53; Weakness 54,Opportunity 53; Opportunity 54,Threat 53; Threat 54,Competitor 53; Competitor 54
http://example54.com,https://linkedin.com/company/example54,"54 Example St, City, Country",info@example54.com,123-456-7854,Product B; Product C,$54M; $55M; $56M,CEO B,https://linkedin.com/in/ceoB,ceoB@example54.com,CFO B,https://linkedin.com/in/cfoB,cfoB@example54.com,Procurement Head B,https://linkedin.com/in/procurementB,procurementB@example54.com,Strength 54; Strength 55,Weakness 54; Weakness 55,Opportunity 54; Opportunity 55,Threat 54; Threat 55,Competitor 54; Competitor 55
http://example55.com,https://linkedin.com/company/example55,"55 Example St, City, Country",info@example55.com,123-456-7855,Product C; Product D,$55M; $56M; $57M,CEO C,https://linkedin.com/in/ceoC,ceoC@example55.com,CFO C,https://linkedin.com/in/cfoC,cfoC@example55.com,Procurement Head C,https://linkedin.com/in/procurementC,procurementC@example55.com,Strength 55; Strength 56,Weakness 55; Weakness 56,Opportunity 55; Opportunity 56,Threat 55; Threat 56,Competitor 55; Competitor 56
http://example56.com,https://linkedin.com/company/example56,"56 Example St, City, Country",info@example56.com,123-456-7856,Product D; Product E,$56M; $57M; $58M,CEO D,https://linkedin.com/in/ceoD,ceoD@example56.com,CFO D,https://linkedin.com/in/cfoD,cfoD@example56.com,Procurement Head D,https://linkedin.com/in/procurementD,procurementD@example56.com,Strength 56; Strength 57,Weakness 56; Weakness 57,Opportunity 56; Opportunity 57,Threat 56; Threat 57,Competitor 56; Competitor 57
http://example57.com,https://linkedin.com/company/example57,"57 Example St, City, Country",info@example57.com,123-456-7857,Product E; Product F,$57M; $58M; $59M,CEO E,https://linkedin.com/in/ceoE,ceoE@example57.com,CFO E,https://linkedin.com/in/cfoE,cfoE@example57.com,Procurement Head E,https://linkedin.com/in/procurementE,procurementE@example57.com,Strength 57; Strength 58,Weakness 57; Weakness 58,Opportunity 57; Opportunity 58,Threat 57; Threat 58,Competitor 57; Competitor 58
http://example58.com,https://linkedin.com/company/example58,"58 Example St, City, Country",info@example58.com,123-456-7858,Product F; Product G,$58M; $59M; $60M,CEO F,https://linkedin.com/in/ceoF,ceoF@example58.com,CFO F,https://linkedin.com/in/cfoF,cfoF@example58.com,Procurement Head F,https://linkedin.com/in/procurementF,procurementF@example58.com,Strength 58; Strength 59,Weakness 58; Weakness 59,Opportunity 58; Opportunity 59,Threat 58; Threat 59,Competitor 58; Competitor 59
http://example59.com,https://linkedin.com/company/example59,"59 Example St, City, Country",info@example59.com,123-456-7859,Product G; Product H,$59M; $60M; $61M,CEO G,https://linkedin.com/in/ceoG,ceoG@example59.com,CFO G,https://linkedin.com/in/cfoG,cfoG@example59.com,Procurement Head G,https://linkedin.com/in/procurementG,procurementG@example59.com,Strength 59; Strength 60,Weakness 59; Weakness 60,Opportunity 59; Opportunity 60,Threat 59; Threat 60,Competitor 59; Competitor 60
http://example60.com,https://linkedin.com/company/example60,"60 Example St, City, Country",info@example60.com,123-456-7860,Product H; Product I,$60M; $61M; $62M,CEO H,https://linkedin.com/in/ceoH,ceoH@example60.com,CFO H,https://linkedin.com/in/cfoH,cfoH@example60.com,Procurement Head H,https://linkedin.com/in/procurementH,procurementH@example60.com,Strength 60; Strength 61,Weakness 60; Weakness 61,Opportunity 60; Opportunity 61,Threat 60; Threat 61,Competitor 60; Competitor 61
http://example61.com,https://linkedin.com/company/example61,"61 Example St, City, Country",info@example61.com,123-456-7861,Product I; Product J,$61M; $62M; $63M,CEO I,https://linkedin.com/in/ceoI,ceoI@example61.com,CFO I,https://linkedin.com/in/cfoI,cfoI@example61.com,Procurement Head I,https://linkedin.com/in/procurementI,procurementI@example61.com,Strength 61; Strength 62,Weakness 61; Weakness 62,Opportunity 61; Opportunity 62,Threat 61; Threat 62,Competitor 61; Competitor 62
http://example62.com,https://linkedin.com/company/example62,"62 Example St, City, Country",info@example62.com,123-456-7862,Product J; Product K,$62M; $63M; $64M,CEO J,https://linkedin.com/in/ceoJ,ceoJ@example62.com,CFO J,https://linkedin.com/in/cfoJ,cfoJ@example62.com,Procurement Head J,https://linkedin.com/in/procurementJ,procurementJ@example62.com,Strength 62; Strength 63,Weakness 62; Weakness 63,Opportunity 62; Opportunity 63,Threat 62; Threat 63,Competitor 62; Competitor 63
http://example63.com,https://linkedin.com/company/example63,"63 Example St, City, Country",info@example63.com,123-456-7863,Product K; Product L,$63M; $64M; $65M,CEO K,https://linkedin.com/in/ceoK,ceoK@example63.com,CFO K,https://linkedin.com/in/cfoK,cfoK@example63.com,Procurement Head K,https://linkedin.com/in/procurementK,procurementK@example63.com,Strength 63; Strength 64,Weakness 63; Weakness 64,Opportunity 63; Opportunity 64,Threat 63; Threat 64,Competitor 63; Competitor 64
http://example64.com,https://linkedin.com/company/example64,"64 Example St, City, Country",info@example64.com,123-456-7864,Product L; Product M,$64M; $65M; $66M,CEO L,https://linkedin.com/in/ceoL,ceoL@example64.com,CFO L,https://linkedin.com/in/cfoL,cfoL@example64.com,Procurement Head L,https://linkedin.com/in/procurementL,procurementL@example64.com,Strength 64; Strength 65,Weakness 64; Weakness 65,Opportunity 64; Opportunity 65,Threat 64; Threat 65,Competitor 64; Competitor 65
http://example65.com,https://linkedin.com/company/example65,"65 Example St, City, Country",info@example65.com,123-456-7865,Product M; Product N,$65M; $66M; $67M,CEO M,https://linkedin.com/in/ceoM,ceoM@example65.com,CFO M,https://linkedin.com/in/cfoM,cfoM@example65.com,Procurement Head M,https://linkedin.com/in/procurementM,procurementM@example65.com,Strength 65; Strength 66,Weakness 65; Weakness 66,Opportunity 65; Opportunity 66,Threat 65; Threat 66,Competitor 65; Competitor 66
http://example66.com,https://linkedin.com/company/example66,"66 Example St, City, Country",info@example66.com,123-456-7866,Product N; Product O,$66M; $67M; $68M,CEO N,https://linkedin.com/in/ceoN,ceoN@example66.com,CFO N,https://linkedin.com/in/cfoN,cfoN@example66.com,Procurement Head N,https://linkedin.com/in/procurementN,procurementN@example66.com,Strength 66; Strength 67,Weakness 66; Weakness 67,Opportunity 66; Opportunity 67,Threat 66; Threat 67,Competitor 66; Competitor 67
http://example67.com,https://linkedin.com/company/example67,"67 Example St, City, Country",info@example67.com,123-456-7867,Product O; Product P,$67M; $68M; $69M,CEO O,https://linkedin.com/in/ceoO,ceoO@example67.com,CFO O,https://linkedin.com/in/cfoO,cfoO@example67.com,Procurement Head O,https://linkedin.com/in/procurementO,procurementO@example67.com,Strength 67; Strength 68,Weakness 67; Weakness 68,Opportunity 67; Opportunity 68,Threat 67; Threat 68,Competitor 67; Competitor 68
http://example68.com,https://linkedin.com/company/example68,"68 Example St, City, Country",info@example68.com,123-456-7868,Product P; Product Q,$68M; $69M; $70M,CEO P,https://linkedin.com/in/ceoP,ceoP@example68.com,CFO P,https://linkedin.com/in/cfoP,cfoP@example68.com,Procurement Head P,https://linkedin.com/in/procurementP,procurementP@example68.com,Strength 68; Strength 69,Weakness 68; Weakness 69,Opportunity 68; Opportunity 69,Threat 68; Threat 69,Competitor 68; Competitor 69
http://example69.com,https://linkedin.com/company/example69,"69 Example St, City, Country",info@example69.com,123-456-7869,Product Q; Product R,$69M; $70M; $71M,CEO Q,https://linkedin.com/in/ceoQ,ceoQ@example69.com,CFO Q,https://linkedin.com/in/cfoQ,cfoQ@example69.com,Procurement Head Q,https://linkedin.com/in/procurementQ,procurementQ@example69.com,Strength 69; Strength 70,Weakness 69; Weakness 70,Opportunity 69; Opportunity 70,Threat 69; Threat 70,Competitor 69; Competitor 70
http://example70.com,https://linkedin.com/company/example70,"70 Example St, City, Country",info@example70.com,123-456-7870,Product R; Product S,$70M; $71M; $72M,CEO R,https://linkedin.com/in/ceoR,ceoR@example70.com,CFO R,https://linkedin.com/in/cfoR,cfoR@example70.com,Procurement Head R,https://linkedin.com/in/procurementR,procurementR@example70.com,Strength 70; Strength 71,Weakness 70; Weakness 71,Opportunity 70; Opportunity 71,Threat 70; Threat 71,Competitor 70; Competitor 71
http://example71.com,https://linkedin.com/company/example71,"71 Example St, City, Country",info@example71.com,123-456-7871,Product S; Product T,$71M; $72M; $73M,CEO S,https://linkedin.com/in/ceoS,ceoS@example71.com,CFO S,https://linkedin.com/in/cfoS,cfoS@example71.com,Procurement Head S,https://linkedin.com/in/procurementS,procurementS@example71.com,Strength 71; Strength 72,Weakness 71; Weakness 72,Opportunity 71; Opportunity 72,Threat 71; Threat 72,Competitor 71; Competitor 72
http://example72.com,https://linkedin.com/company/example72,"72 Example St, City, Country",info@example72.com,123-456-7872,Product T; Product U,$72M; $73M; $74M,CEO T,https://linkedin.com/in/ceoT,ceoT@example72.com,CFO T,https://linkedin.com/in/cfoT,cfoT@example72.com,Procurement Head T,https://linkedin.com/in/procurementT,procurementT@example72.com,Strength 72; Strength 73,Weakness 72; Weakness 73,Opportunity 72; Opportunity 73,Threat 72; Threat 73,Competitor 72; Competitor 73
http://example73.com,https://linkedin.com/company/example73,"73 Example St, City, Country",info@example73.com,123-456-7873,Product U; Product V,$73M; $74M; $75M,CEO U,https://linkedin.com/in/ceoU,ceoU@example73.com,CFO U,https://linkedin.com/in/cfoU,cfoU@example73.com,Procurement Head U,https://linkedin.com/in/procurementU,procurementU@example73.com,Strength 73; Strength 74,Weakness 73; Weakness 74,Opportunity 73; Opportunity 74,Threat 73; Threat 74,Competitor 73; Competitor 74
http://example74.com,https://linkedin.com/company/example74,"74 Example St, City, Country",info@example74.com,123-456-7874,Product V; Product W,$74M; $75M; $76M,CEO V,https://linkedin.com/in/ceoV,ceoV@example74.com,CFO V,https://linkedin.com/in/cfoV,cfoV@example74.com,Procurement Head V,https://linkedin.com/in/procurementV,procurementV@example74.com,Strength 74; Strength 75,Weakness 74; Weakness 75,Opportunity 74; Opportunity 75,Threat 74; Threat 75,Competitor 74; Competitor 75
http://example75.com,https://linkedin.com/company/example75,"75 Example St, City, Country",info@example75.com,123-456-7875,Product W; Product X,$75M; $76M; $77M,CEO W,https://linkedin.com/in/ceoW,ceoW@example75.com,CFO W,https://linkedin.com/in/cfoW,cfoW@example75.com,Procurement Head W,https://linkedin.com/in/procurementW,procurementW@example75.com,Strength 75; Strength 76,Weakness 75; Weakness 76,Opportunity 75; Opportunity 76,Threat 75; Threat 76,Competitor 75; Competitor 76
http://example76.com,https://linkedin.com/company/example76,"76 Example St, City, Country",info@example76.com,123-456-7876,Product X; Product Y,$76M; $77M; $78M,CEO X,https://linkedin.com/in/ceoX,ceoX@example76.com,CFO X,https://linkedin.com/in/cfoX,cfoX@example76.com,Procurement Head X,https://linkedin.com/in/procurementX,procurementX@example76.com,Strength 76; Strength 77,Weakness 76; Weakness 77,Opportunity 76; Opportunity 77,Threat 76; Threat 77,Competitor 76; Competitor 77
http://example77.com,https://linkedin.com/company/example77,"77 Example St, City, Country",info@example77.com,123-456-7877,Product Y; Product Z,$77M; $78M; $79M,CEO Y,https://linkedin.com/in/ceoY,ceoY@example77.com,CFO Y,https://linkedin.com/in/cfoY,cfoY@example77.com,Procurement Head Y,https://linkedin.com/in/procurementY,procurementY@example77.com,Strength 77; Strength 78,Weakness 77; Weakness 78,Opportunity 77; Opportunity 78,Threat 77; Threat 78,Competitor 77; Competitor 78
http://example78.com,https://linkedin.com/company/example78,"78 Example St, City, Country",info@example78.com,123-456-7878,Product @; Product A,$78M; $79M; $80M,CEO @,https://linkedin.com/in/ceo@,ceo@@example78.com,CFO @,https://linkedin.com/in/cfo@,cfo@@example78.com,Procurement Head @,https://linkedin.com/in/procurement@,procurement@@example78.com,Strength 78; Strength 79,Weakness 78; Weakness 79,Opportunity 78; Opportunity 79,Threat 78; Threat 79,Competitor 78; Competitor 79
http://example79.com,https://linkedin.com/company/example79,"79 Example St, City, Country",info@example79.com,123-456-7879,Product A; Product B,$79M; $80M; $81M,CEO A,https://linkedin.com/in/ceoA,ceoA@example79.com,CFO A,https://linkedin.com/in/cfoA,cfoA@example79.com,Procurement Head A,https://linkedin.com/in/procurementA,procurementA@example79.com,Strength 79; Strength 80,Weakness 79; Weakness 80,Opportunity 79; Opportunity 80,Threat 79; Threat 80,Competitor 79; Competitor 80
http://example80.com,https://linkedin.com/company/example80,"80 Example St, City, Country",info@example80.com,123-456-7880,Product B; Product C,$80M; $81M; $82M,CEO B,https://linkedin.com/in/ceoB,ceoB@example80.com,CFO B,https://linkedin.com/in/cfoB,cfoB@example80.com,Procurement Head B,https://linkedin.com/in/procurementB,procurementB@example80.com,Strength 80; Strength 81,Weakness 80; Weakness 81,Opportunity 80; Opportunity 81,Threat 80; Threat 81,Competitor 80; Competitor 81
http://example81.com,https://linkedin.com/company/example81,"81 Example St, City, Country",info@example81.com,123-456-7881,Product C; Product D,$81M; $82M; $83M,CEO C,https://linkedin.com/in/ceoC,ceoC@example81.com,CFO C,https://linkedin.com/in/cfoC,cfoC@example81.com,Procurement Head C,https://linkedin.com/in/procurementC,procurementC@example81.com,Strength 81; Strength 82,Weakness 81; Weakness 82,Opportunity 81; Opportunity 82,Threat 81; Threat 82,Competitor 81; Competitor 82
http://example82.com,https://linkedin.com/company/example82,"82 Example St, City, Country",info@example82.com,123-456-7882,Product D; Product E,$82M; $83M; $84M,CEO D,https://linkedin.com/in/ceoD,ceoD@example82.com,CFO D,https://linkedin.com/in/cfoD,cfoD@example82.com,Procurement Head D,https://linkedin.com/in/procurementD,procurementD@example82.com,Strength 82; Strength 83,Weakness 82; Weakness 83,Opportunity 82; Opportunity 83,Threat 82; Threat 83,Competitor 82; Competitor 83
http://example83.com,https://linkedin.com/company/example83,"83 Example St, City, Country",info@example83.com,123-456-7883,Product E; Product F,$83M; $84M; $85M,CEO E,https://linkedin.com/in/ceoE,ceoE@example83.com,CFO E,https://linkedin.com/in/cfoE,cfoE@example83.com,Procurement Head E,https://linkedin.com/in/procurementE,procurementE@example83.com,Strength 83; Strength 84,Weakness 83; Weakness 84,Opportunity 83; Opportunity 84,Threat 83; Threat 84,Competitor 83; Competitor 84
http://example84.com,https://linkedin.com/company/example84,"84 Example St, City, Country",info@example84.com,123-456-7884,Product F; Product G,$84M; $85M; $86M,CEO F,https://linkedin.com/in/ceoF,ceoF@example84.com,CFO F,https://linkedin.com/in/cfoF,cfoF@example84.com,Procurement Head F,https://linkedin.com/in/procurementF,procurementF@example84.com,Strength 84; Strength 85,Weakness 84; Weakness 85,Opportunity 84; Opportunity 85,Threat 84; Threat 85,Competitor 84; Competitor 85
http://example85.com,https://linkedin.com/company/example85,"85 Example St, City, Country",info@example85.com,123-456-7885,Product G; Product H,$85M; $86M; $87M,CEO G,https://linkedin.com/in/ceoG,ceoG@example85.com,CFO G,https://linkedin.com/in/cfoG,cfoG@example85.com,Procurement Head G,https://linkedin.com/in/procurementG,procurementG@example85.com,Strength 85; Strength 86,Weakness 85; Weakness 86,Opportunity 85; Opportunity 86,Threat 85; Threat 86,Competitor 85; Competitor 86
http://example86.com,https://linkedin.com/company/example86,"86 Example St, City, Country",info@example86.com,123-456-7886,Product H; Product I,$86M; $87M; $88M,CEO H,https://linkedin.com/in/ceoH,ceoH@example86.com,CFO H,https://linkedin.com/in/cfoH,cfoH@example86.com,Procurement Head H,https://linkedin.com/in/procurementH,procurementH@example86.com,Strength 86; Strength 87,Weakness 86; Weakness 87,Opportunity 86; Opportunity 87,Threat 86; Threat 87,Competitor 86; Competitor 87
http://example87.com,https://linkedin.com/company/example87,"87 Example St, City, Country",info@example87.com,123-456-7887,Product I; Product J,$87M; $88M; $89M,CEO I,https://linkedin.com/in/ceoI,ceoI@example87.com,CFO I,https://linkedin.com/in/cfoI,cfoI@example87.com,Procurement Head I,https://linkedin.com/in/procurementI,procurementI@example87.com,Strength 87; Strength 88,Weakness 87; Weakness 88,Opportunity 87; Opportunity 88,Threat 87; Threat 88,Competitor 87; Competitor 88
http://example88.com,https://linkedin.com/company/example88,"88 Example St, City, Country",info@example88.com,123-456-7888,Product J; Product K,$88M; $89M; $90M,CEO J,https://linkedin.com/in/ceoJ,ceoJ@example88.com,CFO J,https://linkedin.com/in/cfoJ,cfoJ@example88.com,Procurement Head J,https://linkedin.com/in/procurementJ,procurementJ@example88.com,Strength 88; Strength 89,Weakness 88; Weakness 89,Opportunity 88; Opportunity 89,Threat 88; Threat 89,Competitor 88; Competitor 89
http://example89.com,https://linkedin.com/company/example89,"89 Example St, City, Country",info@example89.com,123-456-7889,Product K; Product L,$89M; $90M; $91M,CEO K,https://linkedin.com/in/ceoK,ceoK@example89.com,CFO K,https://linkedin.com/in/cfoK,cfoK@example89.com,Procurement Head K,https://linkedin.com/in/procurementK,procurementK@example89.com,Strength 89; Strength 90,Weakness 89; Weakness 90,Opportunity 89; Opportunity 90,Threat 89; Threat 90,Competitor 89; Competitor 90
http://example90.com,https://linkedin.com/company/example90,"90 Example St, City, Country",info@example90.com,123-456-7890,Product L; Product M,$90M; $91M; $92M,CEO L,https://linkedin.com/in/ceoL,ceoL@example90.com,CFO L,https://linkedin.com/in/cfoL,cfoL@example90.com,Procurement Head L,https://linkedin.com/in/procurementL,procurementL@example90.com,Strength 90; Strength 91,Weakness 90; Weakness 91,Opportunity 90; Opportunity 91,Threat 90; Threat 91,Competitor 90; Competitor 91
http://example91.com,https://linkedin.com/company/example91,"91 Example St, City, Country",info@example91.com,123-456-7891,Product M; Product N,$91M; $92M; $93M,CEO M,https://linkedin.com/in/ceoM,ceoM@example91.com,CFO M,https://linkedin.com/in/cfoM,cfoM@example91.com,Procurement Head M,https://linkedin.com/in/procurementM,procurementM@example91.com,Strength 91; Strength 92,Weakness 91; Weakness 92,Opportunity 91; Opportunity 92,Threat 91; Threat 92,Competitor 91; Competitor 92
http://example92.com,https://linkedin.com/company/example92,"92 Example St, City, Country",info@example92.com,123-456-7892,Product N; Product O,$92M; $93M; $94M,CEO N,https://linkedin.com/in/ceoN,ceoN@example92.com,CFO N,https://linkedin.com/in/cfoN,cfoN@example92.com,Procurement Head N,https://linkedin.com/in/procurementN,procurementN@example92.com,Strength 92; Strength 93,Weakness 92; Weakness 93,Opportunity 92; Opportunity 93,Threat 92; Threat 93,Competitor 92; Competitor 93
http://example93.com,https://linkedin.com/company/example93,"93 Example St, City, Country",info@example93.com,123-456-7893,Product O; Product P,$93M; $94M; $95M,CEO O,https://linkedin.com/in/ceoO,ceoO@example93.com,CFO O,https://linkedin.com/in/cfoO,cfoO@example93.com,Procurement Head O,https://linkedin.com/in/procurementO,procurementO@example93.com,Strength 93; Strength 94,Weakness 93; Weakness 94,Opportunity 93; Opportunity 94,Threat 93; Threat 94,Competitor 93; Competitor 94
http://example94.com,https://linkedin.com/company/example94,"94 Example St, City, Country",info@example94.com,123-456-7894,Product P; Product Q,$94M; $95M; $96M,CEO P,https://linkedin.com/in/ceoP,ceoP@example94.com,CFO P,https://linkedin.com/in/cfoP,cfoP@example94.com,Procurement Head P,https://linkedin.com/in/procurementP,procurementP@example94.com,Strength 94; Strength 95,Weakness 94; Weakness 95,Opportunity 94; Opportunity 95,Threat 94; Threat 95,Competitor 94; Competitor 95
http://example95.com,https://linkedin.com/company/example95,"95 Example St, City, Country",info@example95.com,123-456-7895,Product Q; Product R,$95M; $96M; $97M,CEO Q,https://linkedin.com/in/ceoQ,ceoQ@example95.com,CFO Q,https://linkedin.com/in/cfoQ,cfoQ@example95.com,Procurement Head Q,https://linkedin.com/in/procurementQ,procurementQ@example95.com,Strength 95; Strength 96,Weakness 95; Weakness 96,Opportunity 95; Opportunity 96,Threat 95; Threat 96,Competitor 95; Competitor 96
http://example96.com,https://linkedin.com/company/example96,"96 Example St, City, Country",info@example96.com,123-456-7896,Product R; Product S,$96M; $97M; $98M,CEO R,https://linkedin.com/in/ceoR,ceoR@example96.com,CFO R,https://linkedin.com/in/cfoR,cfoR@example96.com,Procurement Head R,https://linkedin.com/in/procurementR,procurementR@example96.com,Strength 96; Strength 97,Weakness 96; Weakness 97,Opportunity 96; Opportunity 97,Threat 96; Threat 97,Competitor 96; Competitor 97
http://example97.com,https://linkedin.com/company/example97,"97 Example St, City, Country",info@example97.com,123-456-7897,Product S; Product T,$97M; $98M; $99M,CEO S,https://linkedin.com/in/ceoS,ceoS@example97.com,CFO S,https://linkedin.com/in/cfoS,cfoS@example97.com,Procurement Head S,https://linkedin.com/in/procurementS,procurementS@example97.com,Strength 97; Strength 98,Weakness 97; Weakness 98,Opportunity 97; Opportunity 98,Threat 97; Threat 98,Competitor 97; Competitor 98
http://example98.com,https://linkedin.com/company/example98,"98 Example St, City, Country",info@example98.com,123-456-7898,Product T; Product U,$98M; $99M; $100M,CEO T,https://linkedin.com/in/ceoT,ceoT@example98.com,CFO T,https://linkedin.com/in/cfoT,cfoT@example98.com,Procurement Head T,https://linkedin.com/in/procurementT,procurementT@example98.com,Strength 98; Strength 99,Weakness 98; Weakness 99,Opportunity 98; Opportunity 99,Threat 98; Threat 99,Competitor 98; Competitor 99
http://example99.com,https://linkedin.com/company/example99,"99 Example St, City, Country",info@example99.com,123-456-7899,Product U; Product V,$99M; $100M; $101M,CEO U,https://linkedin.com/in/ceoU,ceoU@example99.com,CFO U,https://linkedin.com/in/cfoU,cfoU@example99.com,Procurement Head U,https://linkedin.com/in/procurementU,procurementU@example99.com,Strength 99; Strength 100,Weakness 99; Weakness 100,Opportunity 99; Opportunity 100,Threat 99; Threat 100,Competitor 99; Competitor 100
http://example100.com,https://linkedin.com/company/example100,"100 Example St, City, Country",info@example100.com,123-456-78100,Product V; Product W,$100M; $101M; $102M,CEO V,https://linkedin.com/in/ceoV,ceoV@example100.com,CFO V,https://linkedin.com/in/cfoV,cfoV@example100.com,Procurement Head V,https://linkedin.com/in/procurementV,procurementV@example100.com,Strength 100; Strength 101,Weakness 100; Weakness 101,Opportunity 100; Opportunity 101,Threat 100; Threat 101,Competitor 100; Competitor 101
